{"cameraMode":{"drawMode":0,"name":"Shaded","section":"Shading Mode"},"sceneLighting":false,"audioPlay":false,"sceneViewState":{"showFog":false,"showMaterialUpdate":false,"showSkybox":false,"showFlares":false,"showImageEffects":false,"showParticleSystems":false},"in2DMode":false,"pivot":{"x":-10.165626525878907,"y":28.09892463684082,"z":-110.52362060546875},"rotation":{"x":0.12829530239105225,"y":0.07282499223947525,"z":-0.009449625387787819,"w":0.9890192151069641},"size":6.4519429206848148,"orthographic":true}