{"cameraMode":{"drawMode":0,"name":"Shaded","section":"Shading Mode"},"sceneLighting":true,"audioPlay":false,"sceneViewState":{"showFog":false,"showMaterialUpdate":false,"showSkybox":false,"showFlares":false,"showImageEffects":false,"showParticleSystems":false},"in2DMode":false,"pivot":{"x":1.5999999046325684,"y":-0.625,"z":2.619999885559082},"rotation":{"x":0.30059778690338137,"y":-0.19280757009983064,"z":0.06218699365854263,"w":0.9319874048233032},"size":1.049553394317627,"orthographic":true}